{
  "DisplayName": null,
  "Tooltip": null,
  "HelpLink": null,
  "Color": null,
  "OriginalIconFileName": null,
  "Arguments": [
    {
      "Name": "str_in_SaleItemName",
      "DisplayName": "str_in_SaleItemName",
      "Category": null,
      "Tooltip": null,
      "Placeholder": null,
      "Widget": null,
      "IsRequired": false,
      "IsPrincipal": true,
      "ArgumentType": 0,
      "DataSourceItems": null
    },
    {
      "Name": "str_in_SaleItemPrice",
      "DisplayName": "str_in_SaleItemPrice",
      "Category": null,
      "Tooltip": null,
      "Placeholder": null,
      "Widget": null,
      "IsRequired": false,
      "IsPrincipal": true,
      "ArgumentType": 0,
      "DataSourceItems": null
    },
    {
      "Name": "str_in_SaleItemTax",
      "DisplayName": "str_in_SaleItemTax",
      "Category": null,
      "Tooltip": null,
      "Placeholder": null,
      "Widget": null,
      "IsRequired": false,
      "IsPrincipal": true,
      "ArgumentType": 0,
      "DataSourceItems": null
    },
    {
      "Name": "str_out_SaleItemTaxRate",
      "DisplayName": "str_out_SaleItemTaxRate",
      "Category": null,
      "Tooltip": null,
      "Placeholder": null,
      "Widget": null,
      "IsRequired": false,
      "IsPrincipal": true,
      "ArgumentType": 0,
      "DataSourceItems": null
    }
  ]
}