{
  "DisplayName": null,
  "Tooltip": null,
  "HelpLink": null,
  "Color": null,
  "OriginalIconFileName": null,
  "Arguments": [
    {
      "Name": "str_in_VaultType",
      "DisplayName": "str_in_VaultType",
      "Category": null,
      "Tooltip": null,
      "Placeholder": null,
      "Widget": null,
      "IsRequired": false,
      "IsPrincipal": true,
      "DataSourceItems": null
    },
    {
      "Name": "str_in_CardNumber",
      "DisplayName": "str_in_CardNumber",
      "Category": null,
      "Tooltip": null,
      "Placeholder": null,
      "Widget": null,
      "IsRequired": false,
      "IsPrincipal": true,
      "DataSourceItems": null
    },
    {
      "Name": "str_in_Expiration",
      "DisplayName": "str_in_Expiration",
      "Category": null,
      "Tooltip": null,
      "Placeholder": null,
      "Widget": null,
      "IsRequired": false,
      "IsPrincipal": true,
      "DataSourceItems": null
    },
    {
      "Name": "StepId",
      "DisplayName": "StepId",
      "Category": null,
      "Tooltip": null,
      "Placeholder": null,
      "Widget": null,
      "IsRequired": false,
      "IsPrincipal": true,
      "DataSourceItems": null
    },
    {
      "Name": "out_TestID",
      "DisplayName": "out_TestID",
      "Category": null,
      "Tooltip": null,
      "Placeholder": null,
      "Widget": null,
      "IsRequired": false,
      "IsPrincipal": true,
      "DataSourceItems": null
    },
    {
      "Name": "In_Report_ID",
      "DisplayName": "In_Report_ID",
      "Category": null,
      "Tooltip": null,
      "Placeholder": null,
      "Widget": null,
      "IsRequired": false,
      "IsPrincipal": true,
      "DataSourceItems": null
    },
    {
      "Name": "str_CardType",
      "DisplayName": "str_CardType",
      "Category": null,
      "Tooltip": null,
      "Placeholder": null,
      "Widget": null,
      "IsRequired": false,
      "IsPrincipal": true,
      "DataSourceItems": null
    },
    {
      "Name": "str_in_CardLogo",
      "DisplayName": "str_in_CardLogo",
      "Category": null,
      "Tooltip": null,
      "Placeholder": null,
      "Widget": null,
      "IsRequired": false,
      "IsPrincipal": true,
      "DataSourceItems": null
    },
    {
      "Name": "str_in_AccountNickname",
      "DisplayName": "str_in_AccountNickname",
      "Category": null,
      "Tooltip": null,
      "Placeholder": null,
      "Widget": null,
      "IsRequired": false,
      "IsPrincipal": true,
      "DataSourceItems": null
    },
    {
      "Name": "str_in_Routing",
      "DisplayName": "str_in_Routing",
      "Category": null,
      "Tooltip": null,
      "Placeholder": null,
      "Widget": null,
      "IsRequired": false,
      "IsPrincipal": true,
      "DataSourceItems": null
    },
    {
      "Name": "str_in_AccountType",
      "DisplayName": "str_in_AccountType",
      "Category": null,
      "Tooltip": null,
      "Placeholder": null,
      "Widget": null,
      "IsRequired": false,
      "IsPrincipal": true,
      "DataSourceItems": null
    }
  ]
}