{
  "DisplayName": null,
  "Tooltip": null,
  "HelpLink": null,
  "Color": null,
  "OriginalIconFileName": null,
  "Arguments": [
    {
      "Name": "str_in_MerchantID",
      "DisplayName": "str_in_MerchantID",
      "Category": null,
      "Tooltip": null,
      "Placeholder": "Zentro Prod Test",
      "Widget": null,
      "IsRequired": false,
      "IsPrincipal": true,
      "DataSourceItems": null
    },
    {
      "Name": "str_in_CustFirstName",
      "DisplayName": "str_in_CustFirstName",
      "Category": null,
      "Tooltip": null,
      "Placeholder": "Naveen",
      "Widget": null,
      "IsRequired": false,
      "IsPrincipal": true,
      "DataSourceItems": null
    },
    {
      "Name": "str_in_CustLastName",
      "DisplayName": "str_in_CustLastName",
      "Category": null,
      "Tooltip": null,
      "Placeholder": "B",
      "Widget": null,
      "IsRequired": false,
      "IsPrincipal": true,
      "DataSourceItems": null
    },
    {
      "Name": "str_in_CustAddress",
      "DisplayName": "str_in_CustAddress",
      "Category": null,
      "Tooltip": null,
      "Placeholder": "Texas",
      "Widget": null,
      "IsRequired": false,
      "IsPrincipal": true,
      "DataSourceItems": null
    },
    {
      "Name": "str_in_CustCity",
      "DisplayName": "str_in_CustCity",
      "Category": null,
      "Tooltip": null,
      "Placeholder": "Texas",
      "Widget": null,
      "IsRequired": false,
      "IsPrincipal": true,
      "DataSourceItems": null
    },
    {
      "Name": "str_in_CustState",
      "DisplayName": "str_in_CustState",
      "Category": null,
      "Tooltip": null,
      "Placeholder": "Texas",
      "Widget": null,
      "IsRequired": false,
      "IsPrincipal": true,
      "DataSourceItems": null
    },
    {
      "Name": "str_in_CustZipcode",
      "DisplayName": "str_in_CustZipcode",
      "Category": null,
      "Tooltip": null,
      "Placeholder": "12234",
      "Widget": null,
      "IsRequired": false,
      "IsPrincipal": true,
      "DataSourceItems": null
    },
    {
      "Name": "str_in_CustEmail",
      "DisplayName": "str_in_CustEmail",
      "Category": null,
      "Tooltip": null,
      "Placeholder": "Test@gmail.com",
      "Widget": null,
      "IsRequired": false,
      "IsPrincipal": true,
      "DataSourceItems": null
    },
    {
      "Name": "bool_in_ShippingAddressSame",
      "DisplayName": "bool_in_ShippingAddressSame",
      "Category": null,
      "Tooltip": null,
      "Placeholder": "True",
      "Widget": null,
      "IsRequired": false,
      "IsPrincipal": true,


      "DataSourceItems": null
    },
    {
      "Name": "str_out_CustomerID",
      "DisplayName": "str_out_CustomerID",
      "Category": null,
      "Tooltip": null,
      "Placeholder": null,
      "Widget": null,
      "IsRequired": false,
      "IsPrincipal": true,
      "DataSourceItems": null
    },
    {
      "Name": "str_in_CardNumber",
      "DisplayName": "str_in_CardNumber",
      "Category": null,
      "Tooltip": null,
      "Placeholder": "5555555555554444",
      "Widget": null,
      "IsRequired": false,
      "IsPrincipal": true,
      "DataSourceItems": null
    },
    {
      "Name": "str_in_Expiration",
      "DisplayName": "str_in_Expiration",
      "Category": null,
      "Tooltip": null,
      "Placeholder": "0832",
      "Widget": null,
      "IsRequired": false,
      "IsPrincipal": true,
      "DataSourceItems": null
    },
    {
      "Name": "In_Report_ID",
      "DisplayName": "In_Report_ID",
      "Category": null,
      "Tooltip": null,
      "Placeholder": null,
      "Widget": null,
      "IsRequired": false,
      "IsPrincipal": true,
      "DataSourceItems": null
    },
    {
      "Name": "StepId",
      "DisplayName": "StepId",
      "Category": null,
      "Tooltip": null,
      "Placeholder": null,
      "Widget": null,
      "IsRequired": false,
      "IsPrincipal": true,
      "DataSourceItems": null
    },
    {
      "Name": "out_TestID",
      "DisplayName": "out_TestID",
      "Category": null,
      "Tooltip": null,
      "Placeholder": null,
      "Widget": null,
      "IsRequired": false,
      "IsPrincipal": true,

      "DataSourceItems": null
    }
  ]
}