{
  "DisplayName": null,
  "Tooltip": null,
  "HelpLink": null,
  "Color": null,
  "OriginalIconFileName": null,
  "Arguments": [
    {
      "Name": "str_in_CustomerNameorID",
      "DisplayName": "str_in_CustomerNameorID",
      "Category": null,
      "Tooltip": null,
      "Placeholder": null,
      "Widget": null,
      "IsRequired": false,
      "IsPrincipal": true,
      "DataSourceItems": null
    },
    {
      "Name": "In_Report_ID",
      "DisplayName": "In_Report_ID",
      "Category": null,
      "Tooltip": null,
      "Placeholder": null,
      "Widget": null,
      "IsRequired": false,
      "IsPrincipal": true,
      "DataSourceItems": null
    },
    {
      "Name": "StepId",
      "DisplayName": "StepId",
      "Category": null,
      "Tooltip": null,
      "Placeholder": null,
      "Widget": null,
      "IsRequired": false,
      "IsPrincipal": true,
      "DataSourceItems": null
    },
    {
      "Name": "out_TestID",
      "DisplayName": "out_TestID",
      "Category": null,
      "Tooltip": null,
      "Placeholder": null,
      "Widget": null,
      "IsRequired": false,
      "IsPrincipal": true,
      "DataSourceItems": null
    },
    {
      "Name": "CustomerID_Validation",
      "DisplayName": "CustomerID_Validation",
      "Category": null,
      "Tooltip": null,
      "Placeholder": null,
      "Widget": null,
      "IsRequired": false,
      "IsPrincipal": true,
      "DataSourceItems": null
    }
  ]
}