﻿{
  "DisplayName": null,
  "Tooltip": null,
  "HelpLink": null,
  "Color": null,
  "OriginalIconFileName": null,
  "Arguments": [
    {

      "Name": "dbl_in_SaleItemTotalAmount",
      "DisplayName": "dbl_in_SaleItemTotalAmount",

      "Category": null,
      "Tooltip": null,
      "Placeholder": null,
      "Widget": null,
      "IsRequired": false,
      "IsPrincipal": true,
      "ArgumentType": 0,
      "DataSourceItems": null
    },
    {

      "Name": "str_in_TestId",
      "DisplayName": "str_in_TestId",

      "Category": null,
      "Tooltip": null,
      "Placeholder": null,
      "Widget": null,
      "IsRequired": false,
      "IsPrincipal": true,
      "ArgumentType": 0,
      "DataSourceItems": null
    },
    {
      "Name": "int_in_ReportId",
      "DisplayName": "int_in_ReportId",
      "Category": null,
      "Tooltip": null,
      "Placeholder": null,
      "Widget": null,
      "IsRequired": false,
      "IsPrincipal": true,
      "ArgumentType": 0,
      "DataSourceItems": null
    },
    {
      "Name": "str_in_OrderNote",
      "DisplayName": "str_in_OrderNote",
      "Category": null,
      "Tooltip": null,
      "Placeholder": null,
      "Widget": null,
      "IsRequired": false,
      "IsPrincipal": true,
      "ArgumentType": 0,
      "DataSourceItems": null
    },
    {
      "Name": "str_in_CardNumber",
      "DisplayName": "str_in_CardNumber",
      "Category": null,
      "Tooltip": null,
      "Placeholder": null,
      "Widget": null,
      "IsRequired": false,
      "IsPrincipal": true,
      "ArgumentType": 0,
      "DataSourceItems": null
    },
    {
      "Name": "str_in_CardType",
      "DisplayName": "str_in_CardType",
      "Category": null,
      "Tooltip": null,
      "Placeholder": null,
      "Widget": null,
      "IsRequired": false,
      "IsPrincipal": true,
      "ArgumentType": 0,
      "DataSourceItems": null
    },
    {
      "Name": "str_in_FirstName",
      "DisplayName": "str_in_FirstName",
      "Category": null,
      "Tooltip": null,
      "Placeholder": null,
      "Widget": null,
      "IsRequired": false,
      "IsPrincipal": true,
      "ArgumentType": 0,
      "DataSourceItems": null
    },
    {
      "Name": "str_in_LastName",
      "DisplayName": "str_in_LastName",
      "Category": null,
      "Tooltip": null,
      "Placeholder": null,
      "Widget": null,
      "IsRequired": false,
      "IsPrincipal": true,
      "ArgumentType": 0,
      "DataSourceItems": null
    },
    {
      "Name": "str_in_CustomerAddress",
      "DisplayName": "str_in_CustomerAddress",
      "Category": null,
      "Tooltip": null,
      "Placeholder": null,
      "Widget": null,
      "IsRequired": false,
      "IsPrincipal": true,
      "ArgumentType": 0,
      "DataSourceItems": null
    },
    {
      "Name": "str_in_CustomerCity",
      "DisplayName": "str_in_CustomerCity",
      "Category": null,
      "Tooltip": null,
      "Placeholder": null,
      "Widget": null,
      "IsRequired": false,
      "IsPrincipal": true,
      "ArgumentType": 0,
      "DataSourceItems": null
    },
    {
      "Name": "str_in_CustomerSateCode",
      "DisplayName": "str_in_CustomerSateCode",
      "Category": null,
      "Tooltip": null,
      "Placeholder": null,
      "Widget": null,
      "IsRequired": false,
      "IsPrincipal": true,
      "ArgumentType": 0,
      "DataSourceItems": null
    },
    {
      "Name": "str_in_CustomerZipCode",
      "DisplayName": "str_in_CustomerZipCode",
      "Category": null,
      "Tooltip": null,
      "Placeholder": null,
      "Widget": null,
      "IsRequired": false,
      "IsPrincipal": true,
      "ArgumentType": 0,
      "DataSourceItems": null
    },
    {
      "Name": "str_in_CustomerCountryCode",
      "DisplayName": "str_in_CustomerCountryCode",
      "Category": null,
      "Tooltip": null,
      "Placeholder": null,
      "Widget": null,
      "IsRequired": false,
      "IsPrincipal": true,
      "ArgumentType": 0,
      "DataSourceItems": null
    },
    {
      "Name": "bool_in_RemoveSurcharge",
      "DisplayName": "bool_in_RemoveSurcharge",
      "Category": null,
      "Tooltip": null,
      "Placeholder": null,
      "Widget": null,
      "IsRequired": false,
      "IsPrincipal": true,
      "ArgumentType": 0,
      "DataSourceItems": null
    },
    {
      "Name": "str_in_Url",
      "DisplayName": "str_in_Url",
      "Category": null,
      "Tooltip": null,
      "Placeholder": null,
      "Widget": null,
      "IsRequired": false,
      "IsPrincipal": true,
      "ArgumentType": 0,
      "DataSourceItems": null
    },
    {
      "Name": "dbl_in_DiscountRateAmount",
      "DisplayName": "dbl_in_DiscountRateAmount",
      "Category": null,
      "Tooltip": null,
      "Placeholder": null,
      "Widget": null,
      "IsRequired": false,
      "IsPrincipal": true,
      "ArgumentType": 0,
      "DataSourceItems": null
    },
    {
      "Name": "str_in_SecondSaleItem",
      "DisplayName": "str_in_SecondSaleItem",
      "Category": null,
      "Tooltip": null,
      "Placeholder": "Banana",
      "Widget": null,
      "IsRequired": false,
      "IsPrincipal": true,
      "ArgumentType": 0,
      "DataSourceItems": null
    },
    {
      "Name": "str_in_FirstSaleItem",
      "DisplayName": "str_in_FirstSaleItem",
      "Category": null,
      "Tooltip": null,
      "Placeholder": "Apple",
      "Widget": null,
      "IsRequired": false,
      "IsPrincipal": true,
      "ArgumentType": 0,
      "DataSourceItems": null

    },
    {
      "Name": "dbl_in_FirstSaleItemTaxRate",
      "DisplayName": "dbl_in_FirstSaleItemTaxRate",
      "Category": null,
      "Tooltip": null,
      "Placeholder": "10",
      "Widget": null,
      "IsRequired": false,
      "IsPrincipal": true,
      "ArgumentType": 0,
      "DataSourceItems": null
    },
    {
      "Name": "str_in_ThirdSaleItem",
      "DisplayName": "str_in_ThirdSaleItem",
      "Category": null,
      "Tooltip": null,
      "Placeholder": "Grape",
      "Widget": null,
      "IsRequired": false,
      "IsPrincipal": true,
      "ArgumentType": 0,
      "DataSourceItems": null
    },
    {
      "Name": "dbl_in_SecondSaleItemTaxRate",
      "DisplayName": "dbl_in_SecondSaleItemTaxRate",
      "Category": null,
      "Tooltip": null,
      "Placeholder": "0",
      "Widget": null,
      "IsRequired": false,
      "IsPrincipal": true,
      "ArgumentType": 0,
      "DataSourceItems": null
    },
    {
      "Name": "dbl_in_ThirdSaleItemTaxRate",
      "DisplayName": "dbl_in_ThirdSaleItemTaxRate",
      "Category": null,
      "Tooltip": null,
      "Placeholder": "0",
      "Widget": null,
      "IsRequired": false,
      "IsPrincipal": true,
      "ArgumentType": 0,
      "DataSourceItems": null
    },
    {
      "Name": "dbl_in_FirstSaleitemPrice",
      "DisplayName": "dbl_in_FirstSaleitemPrice",
      "Category": null,
      "Tooltip": null,
      "Placeholder": "0",
      "Widget": null,
      "IsRequired": false,
      "IsPrincipal": true,
      "ArgumentType": 0,
      "DataSourceItems": null
    },
    {
      "Name": "dbl_in_SecondSaleitemPrice",
      "DisplayName": "dbl_in_SecondSaleitemPrice",
      "Category": null,
      "Tooltip": null,
      "Placeholder": "0",
      "Widget": null,
      "IsRequired": false,
      "IsPrincipal": true,
      "ArgumentType": 0,
      "DataSourceItems": null
    },
    {
      "Name": "dbl_in_ThirdSaleitemPrice",
      "DisplayName": "dbl_in_ThirdSaleitemPrice",
      "Category": null,
      "Tooltip": null,
      "Placeholder": "0",
      "Widget": null,
      "IsRequired": false,
      "IsPrincipal": true,
      "ArgumentType": 0,
      "DataSourceItems": null
    },
    {
      "Name": "dbl_out_TotalAmount",
      "DisplayName": "dbl_out_TotalAmount",
      "Category": null,
      "Tooltip": null,
      "Placeholder": null,
      "Widget": null,
      "IsRequired": false,
      "IsPrincipal": true,
      "ArgumentType": 0,
      "DataSourceItems": null

    }
  ]
}