{
  "DisplayName": null,
  "Tooltip": null,
  "HelpLink": null,
  "Color": null,
  "OriginalIconFileName": null,
  "Arguments": [
    {
      "Name": "str_in_PaymentMethod",
      "DisplayName": "str_in_PaymentMethod",
      "Category": null,
      "Tooltip": null,
      "Placeholder": "Sale",
      "Widget": null,
      "IsRequired": false,
      "IsPrincipal": true,
      "ArgumentType": 0,
      "DataSourceItems": null
    },
    {
      "Name": "str_in_TransactionAmount_Total",
      "DisplayName": "str_in_TransactionAmount_Total",
      "Category": null,
      "Tooltip": null,
      "Placeholder": "2",
      "Widget": null,
      "IsRequired": false,
      "IsPrincipal": true,
      "ArgumentType": 0,
      "DataSourceItems": null
    },
    {
      "Name": "str_in_ExistingCustomerName",
      "DisplayName": "str_in_ExistingCustomerName",
      "Category": null,
      "Tooltip": null,
      "Placeholder": null,
      "Widget": null,
      "IsRequired": false,
      "IsPrincipal": true,
      "ArgumentType": 0,
      "DataSourceItems": null
    },
    {
      "Name": "str_in_CustEmail",
      "DisplayName": "str_in_CustEmail",
      "Category": null,
      "Tooltip": null,
      "Placeholder": "Test@gmail.com",
      "Widget": null,
      "IsRequired": false,
      "IsPrincipal": true,
      "ArgumentType": 0,
      "DataSourceItems": null
    },
    {
      "Name": "str_in_CustPhoneNumber",
      "DisplayName": "str_in_CustPhoneNumber",
      "Category": null,
      "Tooltip": null,
      "Placeholder": "1223543355",
      "Widget": null,
      "IsRequired": false,
      "IsPrincipal": true,
      "ArgumentType": 0,
      "DataSourceItems": null
    },
    {
      "Name": "str_in_PaymentType",
      "DisplayName": "str_in_PaymentType",
      "Category": null,
      "Tooltip": null,
      "Placeholder": "Card",
      "Widget": null,
      "IsRequired": false,
      "IsPrincipal": true,
      "ArgumentType": 0,
      "DataSourceItems": null
    },
    {
      "Name": "str_in_CardNumber",
      "DisplayName": "str_in_CardNumber",
      "Category": null,
      "Tooltip": null,
      "Placeholder": "5555111111111111",
      "Widget": null,
      "IsRequired": false,
      "IsPrincipal": true,
      "ArgumentType": 0,
      "DataSourceItems": null
    },
    {
      "Name": "str_in_CardExpiration",
      "DisplayName": "str_in_CardExpiration",
      "Category": null,
      "Tooltip": null,
      "Placeholder": "1026",
      "Widget": null,
      "IsRequired": false,
      "IsPrincipal": true,
      "ArgumentType": 0,
      "DataSourceItems": null
    },
    {
      "Name": "str_in_ACH_AccountNickName",
      "DisplayName": "str_in_ACH_AccountNickName",
      "Category": null,
      "Tooltip": null,
      "Placeholder": null,
      "Widget": null,
      "IsRequired": false,
      "IsPrincipal": true,
      "ArgumentType": 0,
      "DataSourceItems": null
    },
    {
      "Name": "str_in_ACH_RoutingNumber",
      "DisplayName": "str_in_ACH_RoutingNumber",
      "Category": null,
      "Tooltip": null,
      "Placeholder": null,
      "Widget": null,
      "IsRequired": false,
      "IsPrincipal": true,
      "ArgumentType": 0,
      "DataSourceItems": null
    },
    {
      "Name": "str_in_ACH_AccountNumber",
      "DisplayName": "str_in_ACH_AccountNumber",
      "Category": null,
      "Tooltip": null,
      "Placeholder": null,
      "Widget": null,
      "IsRequired": false,
      "IsPrincipal": true,
      "ArgumentType": 0,
      "DataSourceItems": null
    },
    {
      "Name": "str_in_ACH_AccountType",
      "DisplayName": "str_in_ACH_AccountType",
      "Category": null,
      "Tooltip": null,
      "Placeholder": null,
      "Widget": null,
      "IsRequired": false,
      "IsPrincipal": true,
      "ArgumentType": 0,
      "DataSourceItems": null
    },
    {
      "Name": "str_in_Cash_AmountTender",
      "DisplayName": "str_in_Cash_AmountTender",
      "Category": null,
      "Tooltip": null,
      "Placeholder": null,
      "Widget": null,
      "IsRequired": false,
      "IsPrincipal": true,
      "ArgumentType": 0,
      "DataSourceItems": null
    },
    {
      "Name": "str_in_CheckNumber",
      "DisplayName": "str_in_CheckNumber",
      "Category": null,
      "Tooltip": null,
      "Placeholder": null,
      "Widget": null,
      "IsRequired": false,
      "IsPrincipal": true,
      "ArgumentType": 0,
      "DataSourceItems": null
    },
    {
      "Name": "BreakTriggerScopeInArgument",
      "DisplayName": "BreakTriggerScopeInArgument",
      "Category": null,
      "Tooltip": null,
      "Placeholder": null,
      "Widget": null,
      "IsRequired": false,
      "IsPrincipal": true,
      "ArgumentType": 0,
      "DataSourceItems": null
    },
    {
      "Name": "str_in_MerchantName",
      "DisplayName": "str_in_MerchantName",
      "Category": null,
      "Tooltip": null,
      "Placeholder": "Zentro Prod Test",
      "Widget": null,
      "IsRequired": false,
      "IsPrincipal": true,
      "ArgumentType": 0,
      "DataSourceItems": null
    },
    {
      "Name": "str_in_testId",
      "DisplayName": "str_in_testId",
      "Category": null,
      "Tooltip": null,
      "Placeholder": null,
      "Widget": null,
      "IsRequired": false,
      "IsPrincipal": true,
      "ArgumentType": 0,
      "DataSourceItems": null
    },
    {
      "Name": "int_in_reportId",
      "DisplayName": "int_in_reportId",
      "Category": null,
      "Tooltip": null,
      "Placeholder": null,
      "Widget": null,
      "IsRequired": false,
      "IsPrincipal": true,
      "ArgumentType": 0,
      "DataSourceItems": null
    },
    {
      "Name": "str_io_CustLastName",
      "DisplayName": "str_io_CustLastName",
      "Category": null,
      "Tooltip": null,
      "Placeholder": "B",
      "Widget": null,
      "IsRequired": false,
      "IsPrincipal": true,
      "ArgumentType": 0,
      "DataSourceItems": null
    },
    {
      "Name": "str_io_CustFirstName",
      "DisplayName": "str_io_CustFirstName",
      "Category": null,
      "Tooltip": null,
      "Placeholder": "Naveen",
      "Widget": null,
      "IsRequired": false,
      "IsPrincipal": true,
      "ArgumentType": 0,
      "DataSourceItems": null
    },
    {
      "Name": "bool_in_CreateValutCustomer",
      "DisplayName": "bool_in_CreateValutCustomer",
      "Category": null,
      "Tooltip": null,
      "Placeholder": null,
      "Widget": null,
      "IsRequired": false,
      "IsPrincipal": true,
      "ArgumentType": 0,
      "DataSourceItems": null
    }
  ]
}